DCA INGENIERIAS SAS;dbr1508@gmail.com
GUARDIANES HV SAS;guardianeshvsas@outlook.com
SCI - INGENIERÍA SAS.;fesciingenieria@gmail.com
INTEGRA SOLUCIONES DE CONSULTORIA S.A.S.;mnvargasco@hotmail.com
INDUSTRIAL DE CONTACTORES Y RESISTENCIAS SAS;icr.industrialyresistencias@gmail.com
LIDERES DESDE EL SER SAS;liderando@tatianagarcia.com.co
DISTRIBUIDORA INDUSTRIAL E S SAS;fedistribuidoraindustrialeys@gmail.com
CONSTRUCTIONE PYD SAS;admon.constructionepyd@gmail.com
AMARILLO SYSTEMS RB SAS;amarillosystemsrbsas@gmail.com
INVERSIONES ARALDES SAS;jarango@soloinflables.co
F.A.J. SERVICIO TECNICO S.A.S;vacaro122726@hotmail.com
ELECTRICOS Y ESTRUCTURADOS JM SAS;jmiguelcabsa@hotmail.com
GRUPO GAITAN INGENIERIA Y OBRAS S.A.S;gaitaningenieriayobras@gmail.com
EXPO FRUITS P.V S.A.S;expofruitspv@gmail.com
CORPORACIÓN DE EDUCACIÓN   MEDIOS SAS;contacto@corpoem.com
SALOHA MARKETING Y PUBLICIDAD S.A.S.;salohapublicidad@gmail.com
VIA MARIS LAB SAS;hmurcia@viamaris-lab.co
GAMEZ INGENIEROS SAS;gamez.gerencia@gmail.com
GS STUDIO S A S;info@gsstudiocolombia.com
AUTOMATIZACIONES AREVALO S.A.S.;automatizacionesarevalo@gamil.com
AMERICAN SERVIX SAS;a.mericanservix@hotmail.com
CHUMACERAS Y RODAMIENTOS INDUSTRIALES SAS;fabioboada@hotmail.com
85 BITS S.A.S;notificaciones@85bits.com
MYGRA 3D SAS;mygra3d@gmail.com
TRANSPORTES ECHEVERRY SAS;admon@transecheverry.com
C.A.D. - CONSULTORES ASOCIADOS DISRUPTIVOS S.A.S;maria.arango2504@gmail.com
SUNYAGRO S.A.S;sunyagrosas@gmail.com
ISAV SERVICES SAS;isavservicesinfo@gmail.com
VORTEC INGENIERIA SAS;vortecingenieria@gmail.com
INSTALACIONES Y ACABADOS HM S.A.S;instalacionesyacabadoshmsas@gmail.com
CONSTRUCTORA JDC S.A.S;wespi1980@gmail.com
MAFE SERNA S.A.S;mserna@actseguros.com
DUARTE CONSTRUCCIONES Y REMODELACIONES SAS;proyectosduarteconstrucciones@gmail.com
JOGAM ENERGY AND MOTORS S.A.S;jogamenergy@gmail.com
ALJ ASESORIAS SAS;asesoriasaljsas@gmail.com
PROTECCION TOTAL SECURITY SAS;oseduos@yahoo.com
DAJ BAU INGENIERÍA SAS;dajsas2020@gmail.com
BAGH S.A.S;bernagh2k@hotmail.com
ACABADOS GP DRYWALL SAS;acabadosgpdrywall@gmail.com
STAR ACTIONS SAS;gerencia@sucasaya.com
INGESTRUCTURAS E G S.A.S.;ingestructuraseyg@gmail.com
LUMIREDES JR SAS;lumiredes.sas@gmail.com
GENESIS LOGISTICA EN TRANSPORTE SAS;genesislogisticaentransporte@gmail.com
INVERSIONES E IMPORTACIONES A Y G SAS;inversioneseimportacionesayg@gmail.com
NAVI AERO CONSULTING GROUP SAS;ivan@naviaero.com
FIDUCIA ESPAC OS SAS;fiducia.espacioscartagena@gmail.com
LIGHTPHERA SAS;dianaelo7@gmail.com
EVOLUTION MARK SAS;mdelgado@evolutionmark.com
NARANJITO FRUIT SAS;naranjitopedidos@gmail.com
LUX LUMMO SAS;jhon.f.1700820038@gmail.com
ECOPLASTCO SAS;ecoplastco@gmail.com
HERMAGRAN SAS;hermagran@outlook.es
HAUS CAPITAL SAS;hauscapitalacabados@gmail.com
MODA POMAROSA SAS;modapomarosa@gmail.com
INSTALACIONES  CUBIERTAS Y MANTENIMIENTOS SAS;incumant1@gmail.com
NEW PUBLIC RELATIONS SAS;ricardo.pedreros@newpr.co
PRISMATEGY SAS;david@prismategy.com
CONSTRUCCIONES MINORTA SAS;aminorta33@gmail.com
CF REMODELACIONES SAS;cf.remodelaciones@gmail.com
TECNI DEPORTES COLOMBIA SAS;alfagrama1@yahoo.com
PROCESSANDO ASESORES S.A.S;scrasesoressas@gmail.com
VARI GROUP SAS;sr.newbusiness@gmail.com
EXTINTORES FIREPROOF SAS;extintoresfireproof@gmail.com
XUÉ ENERGÍA SAS;alejolancheros@hotmail.com
LEYES VERTICALES ASCENSORES SAS;notificaciones@leyesverticales.co
ECO ÁMBITO ARQ SAS;ecoambitosas@gmail.com
CLEVER TEAMS SAS;contabilidad@cleverteams.co
COMERCIALIZADORA D TODITO H.C SAS;pedrazahector902@gmail.com
CONSTRUCCIONES   REMODELACIONES CADICOL SAS;fmoreno@cadicol.com
ELECTROBATERIAS FC S.A.S;electrobateriascfbogota@gmail.com
VITAL EVENTOS Y EXPERIENCIAS DE MARCA SAS;ximena.cubillos.baron@gmail.com
ASCENSORES ASISTENVERT ASISTENCIA TECNICA VERTICAL SAS;ascensoresasistenvert@hotmail.com
SEKA INVERSIONES SAS;sekainversionessas@gmail.com
SOLUCIONES INTEGRALES ELECTROMECANICAS SAS;solinmec.sas@gmail.com
TECNOINDUSTRIALES PE S.A.S;pablo.emilio.rincon@gmail.com
HAUMARU INGENIERIA Y CONTROL DEL RIESGO SAS;haumaruingenieria@gmail.com
IRIS MKTG S.A.S;soporte.iris@iris-mktg.com
AUTOMATIZACION Y MANTENIMIENTO ELECTROMECANICO SAS;empresa.fabianosorio@gmail.com
ASOCIACION DE TRANSPORTES Y VOLQUETEROS MARIN   ASOCIADOS SAS;jazmin_carranza07@hotmail.com
MO CONSULTORES SAS;martha.ospina@gmail.com
PROYECTOS DE INGENIERÍA 3S SAS;proyectosdeingenieria3s@gmail.com
SEGTEL INGENIERIA SAS;rjazmin276@gmail.com
VINIL PLOTER A.G. S.A.S;vinilplotter@hotmail.com
BIO-GEM INGENIERIA S.A.S;biogemingenieria@gmail.com
ALUMINIOS JESMART SAS;aluminiosjesmart@gmail.com
TECNIEXTINTORES   SUMINISTRO DE ELEMENTOS DE SEGURIDAD S.A.S.;tecniextintores@gmail.com
AWARALA TEC-ING SAS;infoawaralatec@gmail.com
ION ENERGY SAS;ionenergysas@gmail.com
INVERSIONES INNER SAS;diegomm1221@gmail.com
EN RELIEVE SAS;enrelievesas@gmail.com
TIME INGENIERIA INTEGRAL SAS;time.ingenieria@gmail.com
ASESORES DELTA SAS;hidro.corp.admi@gmail.com
ESTUDIO GRACIA SAS;estudiogracia.arq@gmail.com
EL CONSTRUCTOR DE LA 40 J SAS;elconstructordela40@gmail.com
RHINO IMAGEN SAS;rhinoimagen@gmail.com
JOSSUA GROUP S.A.S.;josesuarez82@gmail.com
AUDICONT SERVICES SAS;yohana.rodriguez@audicontservices.co
YGVCONSTRUCCIONES SAS;velasgus18@gmail.com
GRUPO WP SOLUCIONES LOGISTICAS SAS;leidymilena6@gmail.com
PROYECTOS P M SAS;proyectospym2@gmail.com
ALTURAS Y MANTENIMIENTO SAS;alturasymantenimientos@gmail.com
D D INGENIERÍA EN CONSTRUCCIÓN S.A.S;dydingenieria.construccion@gmail.com
UNDECIM S.A.S;gestion@undecim.com.co
INSTALACION Y MANTENIMIENTO TECNICO DE CUBIERTAS S.A.S.;proyectosimantec@gmail.com
PLASTICOS CLARED L.D S.A.S.;plasticosclaret@hotmail.com
CONTRUCCON SAS;luzmerisnavarro2018@gmail.com
DINARRANQUE COMPRESORES SAS;comprendinarranque@gmail.com
MANAGEMENT DATA INFORMATION S.A.S.;comercial@suseguridad.co
CONEXIONES W.M SAS;meyer.valencia008@gmail.com
CONSTRUMETAL NQ SAS;nelsonquiroga1987@gmail.com
TRANSPORTES Y PRADERAS SAS;jdjavila@hotmail.com
DIVERSA DISEÑO VERSATIL S.A.S.;diversadisenosas@gmail.com
TOTUMA STUDIOS SAS;totumastudios@gmail.com
MINGA COLOMBIA SAS;mario@mingadigital.com
UNISKY SOLUCIONES LOGISTICAS SAS;uniskysas@gmail.com
CAE CENTRO DE ASESORÍA EMPRESARIAL SAS;gerencia@cae-col.com
FERREACCESORIOS M M SAS;ferreaccesoriosmym@gmail.com
FERREUNION HR S.A.S.;hr-decorados@hotmail.es
RAPI SIGN G C SAS;marycl52@hotmail.com
FINISHES J J SAS;jaidermurillo1991@gmail.com
SEGURIDAD INDUSTRIAL   EXTINTORES PROCOLDESEG SAS;procoldeseg@gmail.com
FJ ACABADOS Y SERVICIOS S.A.S;fjacabadosyservicios@gmail.com
MC LIGHTING SAS;proyectos@melighting.com.co
DIGITAL A.D. SAS;cefer.fgerencia@gmail.com
CONSTRUCCIONES VANSTRAHLEN S.A.S;construccionesvanstrahlen@hotmail.com
AGENCIA SATELITE PROYECTA SAS;asproyecta@hotmail.com
REDECAM HEG SAS;contabilidad@redecam.com.co
INVERSIONES JAC COLOMBIA SAS;sae.tecnologia2019@gmail.com
CONSTRUCCIONES Y EQUIPOS JCL S.A.S;asesor.juri80@gmail.com
ALIMENTOS RICCA S.A.S;notificacioneslyb@gmail.com
SOT SERVICE ON TIME SAS;jandrademaestre@gmail.com
COLECTIVOMILLENNIAL S.A.S.;hola@colectivomillennial.com
MUCA ESTUDIO CREATIVO SAS;ab.virviescas@gmail.com
ELEMENTAL ADVISOR SAS;yaira.velandiab@gmail.com
CENTRO EMPRESARIAL   PUBLICITARIO SAS;cempubli2018@gmail.com
MS MECANIZADOS Y SERVICIOS SAS;marthaesanchez@gmail.com
CONSOLUCIONES G M SAS;director@consoluciones.com.co
SISECO SAS;jofemuro2020@gmail.com
DCR DISEÑOS Y CONSTRUCCIÓN DE REDES SAS;dcredessas@gmail.com
SATORI LATAM SAS;satorilatam@gmail.com
PLASTY PAPEL S.A.S;plastypapel2020@gmail.com
MAKTUB MARMOLES Y MADERAS SAS;daniel_marfi@hotmail.com
LR LR ASOCIADOS SAS;reylugor@gmail.com
FAIRE PUBLICIDAD S.A.S;carrasco.joseluis157@gmail.com
SOLUCIONES LOGISTICAS TERRESTRES DE COLOMBIA SAS;solucioneslogisticasterrestres@gmail.com
FERREINGENIERIA Y CONSULTORIA SAS;ferreingenieria1@gmail.com
ARCADIA CONSULTANTS SAS;sandra.ruizhseq@outlook.com
MANTENIMIENTOS Y MONTAJES INDUSTRIALES CMA SAS;mttoymontajescma@gmail.com
ENERGIA MAESTRA S.A.S;energiamaestrasas@gmail.com
MAKE STATE CONSULTORES SAS;juangveranoc@gmail.com
ALIEQUIPOS INGENIERIA SAS;andurango@hotmail.com
KELSEN INDUSTRIAL S.A.S.;kelsenindustrial@gmail.com
BID   BUDGET SAS;info@bidandbudget.com
JT SOLUCIONES E INGENIERIA SAS;jtsingenieria@gmail.com
SOLUCIONES CONTABLES Y ADMINISTRATIVAS - LIDER ACTIVO S.A.S;javidalg@gmail.com
NEXTBUSINESS COLOMBIA SAS;alejandro.vargas@nextbusiness.com.co
RAMÓN COMUNICACIONES SAS;olguitac@hotmail.com
GREEN POINT KB CARGA SAS;ventagreenpoint@gmail.com
ANMA ASESORIAS EMPRESARIALES Y FINANCIERAS SAS;andriudmac@gmail.com
DIYMATEC SAS;diymatec.sas@gmail.com
JP CONSULTORIA Y MENTORIA SAS;steve_isb@hotmail.com
ENTRYMEC GP S.A.S;guillermoapenagosequipos@yahoo.es
CM CONSTRUCCIONES CIVILES SAS;carlos-mario1285@hotmail.com
NATURALE FRUTOS DEL CAMPO SAS;naturalefrutosdelcampo@gmail.com
UPSTRATEGY SAS;operaciones@upstrategy.com.co
MENNTUN GROUP S.A.S;menntun.group@gmail.com
FAMILY CONSULTING GROUP SAS;gaviria_villegasgonzalo@hotmail.com
CONSULTORIA GESTION Y PROYECCION SAS;andresvargas089@gmail.com
ZR1000 SAS;zr1000sas@gmail.com
STAF INGENIERIA Y ADMINISTRACION INTEGRAL SAS;andresflechasm@gmail.com
METALBER SAS;metalbersas@gmail.com
AUDIRE CONSULTORIA EN SALUD Y SEGUROS SAS;audireconsultoriaensalud@gmail.com
ASEO PLAST SAS;aseoplastsas@gmail.com
KOMACOL S.A.S;gerencia@komacol.co
MINK SAS;minkpublicidad@outlook.es
IMPACTO ELECTRICIDAD Y ELECTRÓNICA S.A.S.;luissaenz.ups@gmail.com
FC TECHNICAL SOLUTIONS SAS;fc.technical@yahoo.com
SERVICIOS INTEGRALES DE CONSULTORIA Y GESTION M L SAS;seinsalud@outlook.com
R.G CONSTRUCCIONES E INGENIERIA S.A.S.;rgconstruccionesingenieria@gmail.com
FERRETERIA J R SAS;paoladaza_20@yahoo.com
MÁCULA MERCADEO SAS;catavargas@agenciamacula.com
PARCHITA CREATIVE SAS;info@parchitacreative.com
IMPERMEABILIZADORA IMPERSUR SAS;chavarroadolfo19@hotmail.com
XIZKO CONSTRUCCIONES SAS;xizcoconstruccionessas@gmail.com
CHAZOS Y TORNILLOS S.A.S;chazosytornillosfb@gmail.com
INPULZO DIGITAL SAS;lijokrob@hotmail.com
INTEGRAL SST S.A.S.;v.vergara@integralsst.com
HL ADMINISTRATIVA S.A.S;hlgerencia433@gmail.com
SERSOIN SAS;gerenciasersoin@gmail.com
BLINMAX SECURITY SAS;blinmaxs.sas@gmail.com
A   T SERVICES SAS;aytservicessas@gmail.com
DEEPER MARKETING S A S;deepermarketing@gmail.com
MINERALES A.G SAS;mineralesa.g@hotmail.com
DIEGODECOR S.A.S.;diegodecor22@gmail.com
VISUAL SAS;visualwork.direccion@gmail.com
CONSTRUCCION Y ENCHAPES SAS;cyesas2020@gmail.com
EASY   QUICK LOGÍSTICA SAS;easyandquicklog@gmail.com
TORNIRACORES EL CACIQUE SAS;diomedes.cardenasparra@gmail.com
INSTALACIONES DE VIDRIOS Y ACABADOS INSTAVID SAS;davidramirezardila@gmail.com
AGENCIA MARKETING SOLUTION SAS;director@marketingsolution.com.co
INSTALACIONES Y CUBIERTAS UN SAS;cubiertasnavarretesas@gmail.com
THE WORKER HUB S.A.S.;mauricio.osuna@theworkerhub.org
SOLUCIONES EMPRESARIALES CR S.A.S;kamilandrea97@gmail.com
GRUPO VALBUENA   MURCIA S.A.S;valbue63@hotmail.com
TH - E POWER S.A.S;dparra6@gmail.com
CACIQUE SERVICIOS S.A.S;yile1281@gmail.com
OCATEC SAS;ocatecsas@gmail.com
CONSTRUMECANIC SAS;construmecanic.contable@gmail.com
ESCOBAR   GARCES S.A.S;nathaliagarces11@gmail.com
MARMOLES BOLIVAR JR SAS;sanalejo1319@hotmail.com
MONTACARGAS MYM SAS;mymmontacarga@gmail.com
ENTRELACE SAS;lizpof@hotmail.com
J.A.MELO COMERCIALIZADORA S.A.S;cesarandresmelo@hotmail.com
MODEL MANAGEMENT GROUP SAS;cuentasmmgstudio@gmail.com
CONSTRUCCIONES COMONTERO S.A.S;comontero16@hotmail.com
ARTEMISA5 SAS;elizagoqui@gmail.com
TRANSPORTES MARTIN GARCIA S.A.S.;ace-contadores@hotmail.com
IMPRESIONARTE STUDIO S.A.S.;info.impresionartestudio@gmail.com
LABORATORIO MEGA ESPECIALISTAS DIESEL SAS;contabilidad.m.e.d.2021@gmail.com
ASD MUNDICALDERAS SAS;asdmundicalderas@outlook.com
LEVERAGE SAS;ojrodrig@hotmail.com
JVL GESTIONES SSTA SAS;jvlgestionesssta@hotmail.com
CONSTRUCTORES EL PROGRESO SAS;constructoreselprogreso@gmail.com
M M ELECTRICIDAD Y MANTENIMIENTO SAS;mymelectricidadymantenimiento@gmail.com
SST CONSULTORES Y CALIDAD S.A.S.;info@sstconsultoresycalidad.com
TOMA TU POST SAS;info@tomatupost.com
LAGUZ ASOCIADOS SAS;laguz5asociados@gmail.com
INVERSIONES SEIKO SAS;paovic@hotmail.es
IMPORTADORA GUZMAN SAS;importadoraguzman01@gmail.com
FUELS AND LUBES - SUPPLIES AND SERVICES S.A.S;magdalsg@hotmail.com
INVERSIONES SUMINISTROS CONSTRUCCIÓN E INGENIERIA N M S.A.S.;nestorhmora@yahoo.es
J M INGENIERIA 360 SAS;jpablo28@hotmail.com
KAYZEN WYC S.A.S;direccion@kayzenwyc.com
GRAPHO INGENIERIA SAS;graphoingenieria@gmail.com
SIGN MARCK SEÑALIZACION SAS;signmarck@gmail.co
THRIVE CONSULTING SAS;thriveconsultingsas@gmail.com
TENBOSS SAS;ceo@tenbosses.com
WOOD INNOVATIONS SAS;woodinnovations21@gmail.com
TRANSPORTES OBRO SAS;transportesobrosas@gmail.com
AVA ASESORIA INMOBILIARIA 360 SAS;ava.vasquez19@gmail.com
INNOVACION Y DESARROLLO S.A.S;innovacionydesarrollo2022@gmail.com
ORGANIZACION INTEGRAL DE NEGOCIOS S.A.S.;jma2503@gmail.com
BEZS GROUP SAS;felipegomez1035@gmail.com
SPARTAN SOLUCIONES   MANTENIMIENTO SAS;spartansoluciones7@gmail.com
REEVENT GROUP SAS;reeventgroup19@gmail.com
DUPRÉ AND PARTNERS GROUP SAS;info@dupreandpartners.com
SOLUCIONES ARQUITECTONICAS   ALUMINIOS SAS;solaralum@gmail.com
MEKTEC SAS;mektecsas@gmail.com
VINYLHEAT S.A.S;vinylheat@gmail.com
GRANDES CONSULTORIAS SAS;gerencia@grandesconsultorias.com
BLUE CV CONSULTORIA EMPRESARIAL SAS;christian.duenas@bluecv.com.co
F.L. INGENIERÍA MANTENIMIENTO Y SERVICIOS INDUSTRIALES S.A.S;ingmantenimientofl@gmail.com
MUDANZAS Y TRANSPORTES FONSECA SAS;williamfonseca1403@gmail.com
FIX TOOLS SAS;fixtoolssas@gmail.com
BALDOSAS EL DORADO SAS;baldosaseldorado@gmail.com
PARCHE Y PROMOCIONES SAS;cdecastro1990@gmail.com
ELEMENTAL COMMUNICATIONS S.A.S;elementalcol@gmail.com
R Y M ADECUACIONES Y MANTENIMIENTOS SAS;monymelo02@hotmail.com
CONSULTORIA COLOMBIANA DE SERVICIOS EMPRESARIALES SAS;consultingcolombiasas@gmail.com
ENVASES PLASTICOS RM SAS;karitorosas@gmail.com
AR CONSTRUCCIONES E INFRAESTRUCTURAS SAS;constringear@gmail.com
CRISTAL UNION DE COLOMBIA SAS;cristaluniondecolombia@gmail.com
IDDEIN SAS;gerencia@iddein.com
KPI COLOMBIA S.A.S;gerencia@kpigroupco.com
ATENCIÓN Y ASESORÍAS TÉCNICAS EN EMERGENCIAS SAS;dobleate@gmail.com
CONSULTORIAS CRECER S.A.S;consultoriascrecer@gmail.com
SOLUCIONES ACME S.A.S;soluciones.acme1@gmail.com
CITY URBAN BOGOTA SAS;tatianaroncanciorojas@outlook.com
PERSOL BUSINESS SAS;adriperez1982@hotmail.com
SPS INTEGRADORES DE SISTEMAS DE SEGURIDAD   REDES SAS;spsintegradores@yahoo.com
SERVIBOILER CALDERAS Y COMBUSTION SAS;administracion@serviboiler.com
TRANSPORTES JHOANRIS JR SAS;transportesjhoanrisjr@gmail.com
SUMINISTROS Y PROYECTOS COLOMBIANTECH S.A.S;construcciones.mendi@hotmail.com
DESARROLLOS TECNOLOGICOS Y SEGURIDAD SAS;dtecnoseguridad@gmail.com
DAVINCI PRODUCCIONES SAS;juli1107_00@hotmail.com
DIALVIT SAS;dialvit@hotmail.com
3S SERVICIOS  SOLUCIONES Y SOPORTE SAS;sgsstconsultor15@gmail.com
MUDANCITY SAS;mudancitybog@gmail.com
INGENIERIA IVAN ACHURY S A S;ingenieriaia.sas@gmail.com
JF MONTAJES COMPANY SAS;dporras@grupopyg.com.co
CONSULTORIA Y SOLUCIONES TECNOLOGICAS J D SAS;cordobaoliverosdavid@gmail.com
IDEAS PUBLICITARIAS M.V SAS;mario.ideas96@gmail.com
JGSERVICIOS SAS;jgservicios4@hotmail.com
MARJEFF S.A.S;maricela.cz@hotmail.com
GLOBAL FIRE S.A.S;gfiresas@outllok.com
PRACO TRUCKING SAS;saraybolivarconsultores@gmail.com
EXPRESION AUDIOVISUAL S.A.S;cgomezjimenez6@gmail.com
ENERGIA BUENA MR SAS;smontespin@gmail.com
NMC CUBIERTAS SAS;nmccubiertassas@gmail.com
SUPER NACIONALES Y URBANOS TRANPORTES SAS;superurbanos@hotmail.com
KGT FILMS SAS;karen@akiracine.com
E D  ESTRATEGIA Y DESARROLLO S.A.S;esyde.negocios@gmail.com
JUAN BUITRAGO G CONSULTING SAS;juanbuitragog@gmail.com
LABORATORIO DIESEL EXPERTS SAS;contabilidadexpertosdiesel@gmail.com
ACRYLBOX SAS;acrylbox@hotmail.com
ENTORNOS SALUDABLES Y SEGUROS - SAYSE S.A.S;info@entornosayse.com
ACABADOS MAPI S.A.S;mapi84@yahoo.es
SIMPLEX SOLUCIONES INTELIGENTES SAS;sac@simplexsi.com
GOBERNANZA TERRITORIAL SAS;edwar775@hotmail.com
CONEXION P A SAS;conexionpya@gmail.com
SAT MONTACARGAS SAS;montacargassat@gmail.com
VERTICE UNIVERSAL SAS;info@verticeuniversal.com
MACHINESERVICE SAS;gerenciamachineservice@gmail.com
PUBLICIDAD EL TREBOL SAS;eltrebolpublicidadsas@gmail.com
QBIK GESTION INTEGRAL DE RIESGO SAS;qbikfacturacion@gmail.com
MP COLOMBIA PLANTAS ELECTRICAS SAS;leivivip@gmail.com
GESTION FINACIERA DE RIESGOS SAS;gtecomercial@gestionfinancieraderiesgos.com
INDICE DECOGRAF SAS;indicedecograf@gmail.com
HD MUNDOPROMO S.A.S;hdmundopromo@gmail.com
JALENA S.A.S.;lucaspom@hotmail.com
22 GRADOS DECORACION SAS;22clientes@gmail.com
SAGA TORNILLOS Y HERRAMIENTAS SAS;sagatornillos2001@gmail.com
GRUPO CORREDOR ALFARO SAS;grupo.corredoralfaro@gmail.com
PINTUFONCE M L SAS;pintu_fonse@hotmail.com
JCB INGENIERIA ELECRICA SAS;jcbingenieria@outlook.com
BM MENTORS S.A.S;juan.mentor@bmmentors.com
HENRY CLAVIJO ASESORES S.A.S;auditoreshco@gmail.com
CONSTRUCTORA PROARQ SAS;comercial@proarqsm.com
MORFEO STUDIOS S A S;studiosmorfeo@gmail.com
SANPAT TECH S.A.S;gerencia@sanpattech.com
ASESORIA EN GESTION Y SEGURIDAD - AGS SAS;agslaboral1@gmail.com
J2S SOLUCIONES SAS;juanpa0401@gmail.com
LA JOYA CONSTRUCCIONES SAS;lajoyaconstrucciones@gmail.com
A M SERVICIOS DE AUTOMATIZACION Y MANTENIMIENTO SAS;angelitor18@yahoo.es
TAI SERVICIOS Y SOLUCIONES TECNOLOGICAS S.A.S;tai.gerencia@hotmail.com
DG PUBLICITARIOS SAS;daniel-garces1@hotmail.com
RADAR SEGURITY S.A.S.;radarsegurity@gmail.com
SKLATECH S.A.S.;gerenciasklatech@gmail.com
ELECTROMECANICOS DURAN S A S;electromecanicosduran@gmail.com
A C MOTORES Y BOMBAS SAS;marinalejo70@gmail.com
SMARTINN S.A.S;info@smartinn.com.co
JORGE CONTRERAS REPRESENTACIONES SAS;omcjorge@hotmail.com
IMTERYX INGENIERÍA E INNOVACIÓN SAS;imteryx1a@gmail.com
JOMADI INGENIERIA SAS;jomadiingenieriasas@gmail.com
G Y J INGENIERIA GRUPO INTERNACIONAL S.A.S;gyjingenieriagrupoint@gmail.com
ANSAR TRANSPORTE Y EXCAVACIONES SAS;ansarexcavaciones@gmail.com
JMV BUSINESS BUILDERS S.A.S;info@jmvbusinessbuilders.com
TPC SOLUTIONS SAS;diana_m_vargas@hotmail.com
COMERCIALIZADORA MA-LE S.A.S;wick119@hotmail.com
AC ESTRATEGIAS CONTABLES Y FINANCIERAS SAS;andrescantor@hotmail.com
COMERCIALIZADORA IPUS SANTANA SAS;ipus348@gmail.com
ELECTRIC PROYECT SAS;ballenedwin@gmail.com
ELECTRILOPEZ S J SAS;katelogas-777@hotmail.com
OPTO-PRINT SAS;admoptoprint@gmail.com
AT REFRIGERADOS SAS;atrefrigerados@gmail.com
REACTIVA PUBLICIDAD S.A.S;info@reactivapublicidad.com
RED 3L SAS;red3lsas@gmail.com
TENDENCIA GRAFICA SAS;info.tendenciagrafica@gmail.com
SENSYS GROUP SAS;andrespous@gmail.com
INDUSTRIAS PROTTO SAS;gerencia@inprotto.com
COMERCIALIZADORA EASY ELECTRIC SAS;ventaseasyelectric@outlook.com
ACRY STORE SAS;contabilidad.acrystore@gmail.com
GRUPO RED PROMOCIONAL SAS;dagonza58@hotmail.com
MANTENIMIENTO INDUSTRIAL AST S.A.S;pastorres2010@hotmail.com
INDUSTRIAL TRAFOELECTRICOS SAS;trafoelectricos@hotmail.com
HIDRAULICA   COMPLEMENTOS S.A.S;hidraulicaycomplementossas@gmail.com
CONSTRUCCIONES INGENIARQ SAS;tacjuangutierrez@gmail.com
DALUI CONSTRUCCION LIVIANA SAS;daluiconstruccion@gmail.com
SERVIMOTORES Y TURBINAS SYJ SAS;servimotoresjys@gmail.com
GESTIONAAR - ASESORIAS SAS;nestorandresabella@gmail.com
GRUPO MOONLAB AIO SAS;angello.donato@hotmail.com
MISTER SERVICIO SAS;misterservicio@gmail.com
DRY SYSTEM SAS;drysystemcolombia@gmail.com
TRANSPORTE Y LOGISTICA URBANOS SAS;alejotabaresr@hotmail.com
NAUTILUS ESTUDIO CREATIVO S A S;frnautilus@gmail.com
VIDRIOSLITOS SAS;vidrioslitos@hotmail.com
HIKING GROUP SAS;orientacion@hiking.com.co
ODJM INVERSIONES SAS;laurayara_22@hotmail.com
APAZIONATE SAS;mauricastilo@hotmail.com
S S SERVICIOS Y SOLUCIONES L.N SAS;serviciosysolucioneslnsas@gmail.com
SGSST CONSULTORES S.A.S;sgsstconsultores1@gmail.com
OH MAI KAT SAS;katherine@ohmaikat.com
KONTROLOGIS SAS;kontrologis.hseq@gmail.com
BIG VISION S.A.S.;financiero.btl@gmail.com
GARJA CONSTRUCCIONES SAS;garjaconstrucciones@outlook.com
GAB S SUPPORT SAS;joseurielgodoy@gmail.com
PROYECTOS Y TRANSCARGO S.A.S;comercial.protrans@gmail.com
CONSTRUCCIONES MERCED ASPRILLA SAS;carol.asprilla@cun.edu.co
RAMOS PEÑA HELMET S SAS;ramospenahelmetsas@gmail.com
CAIDA LIBRE SAS;daniel@somoscanales.org
VOLTA BMJ INGENIERIA SAS;ingenieria@voltabmj.co
MAQUIGAST SAS;infomaquigast@gmail.com
INGENIERIA Y SERVICIOS D R SAS;ingenieriayserviciosdyr2022@gmail.com
NR DIGITAL MARKETING SAS;nrdigitalm@gmail.com
AFICAR AFILADOS CARTONES Y MADERAS SAS;elmermartin31@yahoo.es
1TM MANTENIMIENTO SAS;1tmmantenimiento@gmail.com
MERIDIAN COMPANY GROUP S.A.S.;meridiancompanygroupsas@gmail.com
JMS COMMUNICATION AND ENGINEERING SERVICES SAS;016juliethm@gmail.com
PLOTTER SUPPLY AND SERVICES SAS;dasbx10@hotmail.com
NEO BRAND SAS;sergio.parraleon@gmail.com
ALUMGLASS   LAMINADOS SAS;alumglassltda@hotmail.com
TOTAL INSTRUMENTS S.A.S;gerencia@totalinstrumentsas.com.co
PAFERUCA S.A.S;ruedap12@hotmail.com
ELECTRÓNICA INDUSTRIAL COLOMBIANA SAS;cristianherrerapalomo@gmail.com
SLANDA SERVICIOS INTEGRALES S.A.S;slandaserint@gmail.com
EMPAQUES PUBLICITARIOS J.M. SAS;empaquespublicitariosj.m.sas@gmail.com
SERVICIOS EMPRESARIALES MYH SAS;serviciosempresarialesmyh@gmail.com
PIXIO MEDIOS SAS;willjimenezg@hotmail.com
PRODUACABADOS GRÁFICOS S.A.S;produacabados2019@gmail.com
ALLIE SOLUCIONES ADMINISTRATIVAS S.A.S;info@alliesa.com
CONCEPTION SAS;administracion@conception.com.co
SERVINDUSTRIAL DE REFRIGERACIÓN SAS;yuli.v001@gmail.com
IGLOBAL GROUP SAS;iglobal.comercial@gmail.com
R2G PUBLICIDAD SAS;r2publicidad.produccion@gmail.com
ZEN CONSULTING GROUP SAS;zenconsultingroup@gmail.com
LIAM EQUIPOS E INGENIERIA SAS;juliandavid_murcia12@hotmail.com
INFRUITION SAS;linamarga@gmail.com
SHEKINA DISEÑO Y ARTE SAS;shekina_77@outlook.com
PUBLIK EVOLUTION SAS;evolution_itf@hotmail.com
INGENIERIA Y SOLUCIONES QES SAS;john.castaneda@hotmail.com
JEVALUAN SAS;jevaluanasesores@gmail.com
C3 ANALYTICS SAS;c3analyticsas@gmail.com
PLANTAS Y MOTORES OSORIO SAS;plantasymotores.osorio@gmail.com
VITROVIDRIOS JD SAS;vitrovidrios@hotmail.com
A C SOLUCIONES EN CONSTRUCCION S.A.S;ayc.soluciones@hotmail.com
INGENII SERVICE SAS;ingeniiservice@gmail.com
FUBLABS SAS;angelica@fublabs.com
CONSCAVA SAS;58vdco@gmail.com
MARKCREATIVA S.A.S;comercialmkcol@gmail.com
IVENTCORE SAS;e.martin7826@gmail.com
CONSTRUCCIONES E INGENIERIA GONTURA SAS;construccionesgontura@gmail.com
THE OZ SAS;diarevalog@gmail.com
REDYTECNO SAS;redytecno2020@gmail.com
CONCRITERIO ASESORES SAS;mf.ortiz34@gmail.com
SERVICIOS Y CONSULTORIAS SST SAS;serviciosyconsultoriasst@gmail.com
OKAPICAPITAL SAS;santiago.alonso.restrepo@gmail.com
ACCIONES FERDDI SAS;sv.ferddi@gmail.com
WGCARGA SAS;wgcargasas@outlook.es
JJ CALDERONES ASESORES   CONSULTORES SAS;juank0612@hotmail.com
SMD CONSTRUCCIONES SAS;smdconstruccion@gmail.com
BAUMARKET S.A.S.;baumarketsas@gmail.com
P B PROJECT CONSULTANT SAS;pbprojectsas@gmail.com
FOLDESIGN S.A.S;foldesign.bowl@gmail.com
NEBADO.CO SAS;ranoca@hotmail.com
ESDA SAS;esdadrywall2019@gmail.com
J M VECTOR GROUP SAS;vectorgroupsas3@gmail.com
INGATEC SAS;carlj55@hotmail.com
GRUPO EMPRESARIAL ATARRAYA S.A.S;pabongo96@yahoo.es
BETANCOURT DESIGN SAS;betancourt.contabilidad@gmail.com
TRANSPORTES RODRIGUEZ RINCON SAS;transportesrodriguezrincon@hotmail.com
SMART INVESTMENT COLOMBIA S.A.S;juan.venegas75@hotmail.com
CONERCO S.A.S;info.conerco@gmail.com
STOA INGENIERIA S.A.S;stoaingenieria@gmail.com
HS INGENIERÍA Y ASESORÍA SST SAS;hsingenieriayasesoriasst@gmail.com
LOGICCONTROLS SAS;logiccontrols@outlook.es
GRAPHIC SOLUTION CO SAS;fedeperry@gmail.com
BR INGENIERIA Y SERVICIOS SAS;maria.aleja2@gmail.com
INNOVISION SEGURIDAD Y CONTROL SAS;camilo@innovisionsyc.com
LEAN SIX SIGMA INSTITUTE CHILE SAS;ximenapi12@hotmail.com
PERSPECTIVA-K FUTURO S.A.S;gerencia@perspectivak.com
J2A PUBLICIDAD SAS;publicidadj2a@gmail.com
OX SPORTS NUTRITION SAS;info@oxsportsnutrition.com
M Y M SOLUCIONES INTERALES 360ª SAS;mymsolucionesintegrales360@gmail.com
ENERGIZA INGENIERIA ELECTRICA Y COMUNICACIONES SAS;hcardozo.energiza07@gmail.com
BATERIAS   SUMINISTROS DC SAS;bateriasysuministrosdc@gmail.com
GLOBAL DIGITAL TRAFFIC SAS;ecardenas@digitaltraffic.com.co
QUALITY INDUSTRIAL WORK SAS;gerencia@qualityindustrialwork.com
LANMA CONSULTING AND MANAGEMENT S.A.S;gerencia.lanma@gmail.com
ST-M SERVICIOS TÉCNICOS   MAQUINARIA SAS;st-m.tech@outlook.com
INTRUMENCOL VALVE S.A.S.;intrumencolvalve01@gmail.com
MULTISERVICIOS NMR SAS;multiserviciosnmr@gmail.com
MAISON DOREE S.A.S.;contabilidad@airmatic-art.com
ABR QHSE CONSULTING S.A.S;alexander.becerra.reyes@abrqhseconsulting.com
SERVICIOS LAR DE COLOMBIA ASITENCIA Y LOGISTICA EN RUTA SAS;contabilidad.larlogistica@gmail.com
LOS MAGNÍFICOS COLOMBIA SAS;losmagnificosrm@gmail.com
BENOJ SAS;lraquelavila2@hotmail.com
S   H INSTALACIONES ELECTRICAS S.A.S;tiguache.sergio@hotmail.com
CLIENTES AL 100 SAS;felipe7_92@hotmail.com
SAAC GROUP SAS;vladimirtorres90@gmail.com
ASERVICIOSPD SAS;aserviciospd@gmail.com
RAAD ONCEDIECISIETE SAS;s.sanchez@gdlconsultores.com
MECANICAL SOLUCIONES SAS;mecanicalsolucionessas@gmail.com
VIBEST SAS;contacto@vibest.co
QLS CONSULTORIA S.A.S.;comercial.qls@gmail.com
GRUPO ESPECIALIZADO PATH SAS;pathgrupo@gmail.com
BIG PET CO SAS;bigpetco@gmail.com
PG POLYSPRAY SAS;comercial@pgpolyspray.com
MERCADO DE CONTENIDOS SAS;mer.contenidos@gmail.com
TECNIKAL INGENIERIA E INSTRUMENTACION SAS;jkchacon76@gmail.com
TRANSPORTES Y MANTENIMIENTOS RO. SAS;transportesro.01@gmail.com
DELTA SOLUTIONS SAS;gerencia@tecnotecnica.com
PROANALITICA SAS;stevencas7@gmail.com
VIDRIOS Y ALUMINIOS OSMAR SAS;oskar845@gmail.com
PLUS CONSULTORES S.A.S;plusconsultoressas@gmail.com
FAKNOLUX TECH S.A.S;faknolux.tech@gmail.com
J J FIBRA M@S S.A.S;jjfibramas@outlook.com
N S AIR AIRE Y REFRIGERACION SAS;nsairaireyrefrigeracion@gmail.com
SANISEPTICOS SAS;henryparra@hotmail.es
DISEÑO COLECTIVO CONSTRUCTORA SAS;info@dcolectivo.com
INGENIERO CIVIL CONSTRUCCIONES S.A.S;icconssas@gmail.com
INGELEC ANDINA SAS;ingelecandinasas@gmail.com
ICONOGRAPHIC SAS;info@iconographic.com.co
INTEGRACION DE TECNOLOGIAS DIGITALES SAS;itdigitalessas@gmail.com
PERMAC MR SAS;permacmr@hotmail.com
SERVICIOS PALO ALTO S.A.S.;spasas2021@gmail.com
PS P CONSULTORES SAS;maria.fonseca@psypcon.com
CS GROUP INTERACTIVE SAS;csgroup.interactive@gmail.com
GAMAT SAS;gamatsas@gmail.com
INSUMOS FERRETEROS Y SEGURIDAD INDUSTRIAL SAS;inferrosas@hotmail.com
DISTRIBUIDORA DINAFFER S.A.S;nohoraceci@hotmail.com
CASTELIER SAS;cbotero@castelierdecor.com
TRANSPORTES H.B SAS;dtocontabletransporteshbsas@gmail.com
HANNAH LOGÍSTICA Y TRANSPORTE S.A.S;hannahlogisticaytransportesas@gmail.com
INGRAFLEX SAS;gerencia@ingraflex.com
SIGAL MARKETING CLUSTER S.A.S;gcia.sigalmktcluster@outlook.es
PRESS 2 COMMUNICATIONS S.A.S;nate.rutledge@gmail.com
CLAZZ GROUP S.A.S;contabilidad@clazzgroup.com
A P PUBLICIDAD Y EVENTOS SAS;ayppublicidad87@gmail.com
CONSTRUCTORA Y SERVICIOS ARTUNDUAGA S.A.S.;oscarartunduaga22@hotmail.com
CP REINGENIERÍA SAS;consultoria@cpreingenieria.com
JAFOHE SAS;jaforeroh@hotmail.com
GESTIONES FINANCIERAS E INMOBILIARIAS S.A.S;juandavidrodriguez_02@hotmail.com
SERVI INDUSTRIALES Y ELECTRICOS S.A.S;atcbogota2014@gmail.com
DISTRIBUCIONES LA EXCELENCIA S.A.S.;distriexcelenciasas@gmail.com
ASESORES ORTIZ ARÉVALO S.A.S;ortizarevaloasesores@gmail.com
AMARQ CO SAS;andrea.monroy@amarq.co
SOLUCIONES OPC SERVICE SAS;solucionesopcservice@hotmail.com
CONSTRUCCIONES E INGENIERIA LEON LEMUS SAS;construccionescillsas@gmail.com
4P ASESORES S.A.S;diegodorado01@hotmail.com
YMAGENTA S.A.S.;adrianafajardomarino@gmail.com
ACUARIO BOMBAS Y CONTROLES SAS;acuariosbombasycontroles@hotmail.com
AMD CONSULTORES SAS;amd.consultores@gmail.com
CATALINA SUÁREZ ESTRATEGIA Y COMUNICACIÓN S.A.S;catalinasuarez2010@gmail.com
OLEO FILTRACION SAS;diegofer.martinez@gmail.com
DC REFRIGERACION SAS;dcrefrigeracion.dc@gmail.com
CONSTRUASESORIAS BP SAS;bpyciasas@gmail.com
SOLUCIONES EN REDES Y CABLEADO IR SAS;irsasredes@gmail.com
INDY GLASS SAS;indyglass.a.s300@gmail.com
TELECONTROL DIGITAL PLUS SAS;administracion@telecontroldigital.com.co
HAPPY THINKERS S.A.S;we.happythinkers@gmail.com
GLONASS INGENIERIA SAS;paulavelasco03@gmail.com
GLOBAL CONSULTORES EN SALUD S.A.S.;globalconsultorsalud@gmail.com
VERTICAL SISTEMAS DE PROTECCION ELECTRICA S.A.S;ricardotoroa@gmail.com
JEMREDES INGENIERIA   DISEÑO S.A.S;jmurciar@jemredes.com
SABER PUBLICIDAD SAS;saberpublicidad@gmail.com
IMPERCRETO S.A.S;impercreto.sas@gmail.com
O C COMUNICACIONES SAS;gerencia@rentabilizamos.com
INDUSTRIAL ELEMENTS SAS;mfedward@hotmail.com
AS SERVICE COLOMBIA S.A.S;as.service.colombia@gmail.com
MALDONADO RESTAURACION   CARPINTERIA S.A.S;maldonadorestauracion@gmail.com
ACABADOS JV DRYWALL SAS;julioyluis@hotmail.com
H.O TRANSPORTES S.A.S;h.otransportes@hotmail.com
CRC REMODELAMOS Y CONSTRUIMOS SAS;carloshrodriguez20@hotmail.com
SERVICERCAS PERIMETRAL SAS;servicercas61@gmail.com
DIQUES INGENIERIA Y CONSULTORIA JURIDICA S.A.S;diques@une.net.co
RUIZ ASOCIADOS CONSTRUCCIONES SAS;geruizcruz@hotmail.com
PLOTTERO SAS;contabilidadplottero@gmail.com
MANTENIMIENTO Y SUMINISTROS B F S.A.S;mantenimientoysuministrosbf@gmail.com
PROYECTOS JACADEL SAS;proyectosjacadelsas@gmail.com
MUDE ARQUITECTURA S.A.S;admin@mudearquitectura.com
C J AUDITORIA INTEGRAL S.A.S;cjauditoria@cjauditoriaintegral.com
M.V.M GROUP SAS;mvmgroupcomercial@gmail.com
EHR CONSULTORES ASOCIADOS SAS;ehr.consultores@gmail.com
JCR METAL METALICAS SAS;jimmylrj29@gmail.com
MEDIA SPOT SAS;info@mediaspot.social
FINANCIAL   ACCOUNTING SUPORT S.A.S;urangolirely@gmail.com
LOS DE BUHO SAS;losdebuho@gmail.com
AMUDARNOS SAS;contabilidad@amudarnos.co
OP INGENIERIA ELECTRICA S.A.S;op.ingenieriaelectrica2019@gmail.com
ROCKETING IDEAS SAS;rocketingideas@gmail.com
A5 CREATIVE STUDIOS SAS;andresvargas@a5creativos.com
INNOVACIONES CONSTRUCTIVAS R.D SAS;deisy_0820@hotmail.com
SM LAVADO SAS;salomonmartinez_2024@hotmail.com
LINK BOX SAS;linkboxsas@gmail.com
MOTORES Y SERVICIOS DIESEL DE COLOMBIA SAS;motodicolsas@gmail.com
HEALT AND SECURITY M.A SAS;hsconsultoresma@gmail.com
CHAMECA SAS;administracion@chameca.com
RACIONAL EXUBERANTE S.A.S;rrozo.avalon@gmail.com
ARQUITECTURA EN CONTEXTO SAS;arqjavierortega@gmail.com
CAPILLI SAS;manuelaquinterof@gmail.com
J Y G SOLUMATIK SAS;jygsolumatik@gmail.com
JMA INGENIERIA Y MONTAJES SAS;jmaingenieriaymontajes@gmail.com
WORLD FIRE SERVICE SAS;gerentetecnico@worldfireservice.com
ESTUDIO PUBLICITARIO BENDITO DISEÑO SAS;daniuduarte@gmail.com
DCONSTRUCCIONES SAS;dconstruccionesas@gmail.com
MODULOR SOLUCIONES ARQUITECTONICAS SAS;modulogik@gmail.com
HIDROINGENIERIA JM SAS;hidroingenieriajm2207@gmail.com
INVERSIONES ILUMODERN SAS;gerencia@ilumodern.com
COMERCIALIZADORA MULTIGRANJA SAS;granjaproveedor@gmail.com
ETSU 5 S.A.S;etsu.cinco@gmail.com
AB RISK CONSULTING SAS;angiebuitrago@yahoo.com
GO-PI PROPIEDAD INTELECTUAL E INDUSTRIAL SAS;gopintelectual2021@gmail.com
HAYTALENTO S.A.S.;xmora@haytalento.com.co
WELLCOME RENTAS VACACIONALES SAS;manager@wellcome.com.co
DESCUBRA CONSULTING S A S;josue.valbuena@descubraconsulting.com.co
AC ALTA CONSULTORIA SAS;acabreraconsultoria@gmail.com
A TIEMPO CON LOGISTICA Y TRANSPORTE S.A.S.;contabilidad@atiempogroup.com
D LUZ COLOMBIA SAS;heber_lop_123@hotmail.com
ASCENSORES D R SAS;ascensoresdyrsas@gmail.com
SCRIPT AGENCY S.A.S.;gus_ga19@hotmail.com
M.S. SOLUCIONES VERTICALES SAS;mauriciosz71@hotmail.com
E G CONSTRUCCIONES Y REMODELACIONES SAS;eygconstruccionesr@gmail.com
PROGECON PROYECTOS DE INGENIERIA S.A.S.;progeconproyectosdeingenieria@gmail.com
SOLUCIONES MKT COMPARTIDO SAS;solucionesmktcompartido@gmail.com
D-FUSE CONCEPT S.A.S.;dfuseconcept@gmail.com
JACEGO S.A.S.;jacegosas@gmail.com
GDH SEGURIDAD ELECTRONICA SAS;seguridadgdh0206@gmail.com
CONSULTIVA CONSULTORÍA EFECTIVA SAS;mccarre@gmail.com
REPARACIONES LOCATIVAS Y TRANSPORTES H.B. SAS -;reparacioneslocativashb@hotmail.com
C DA PUBLICIDAD Y MERCADEO S.A.S;soluciones@publicydad.net
CONAIRE PUBLICIDAD SAS;conairepublicidad@gmail.com
CONSTRUCER S.A.S;carlosromero9@outlook.es
EL ESTUDIO DESIGN SAS;elestudiod@gmail.com
M M CARGO S.A.S;jaimemorap69@gmail.com
GESTION ORGANIZACIONAL CONSULTORES S.A.S;consultoresgoc@gmail.com
REMODELACIONES WP SAS;remodelacioneswp@outlook.com
SOULMATE CONSTRUCCIONES E INGENIERIA SAS;ing.nrubio97@gmail.com
SISTEMAS INTEGRALES EN SEGURIDAD Y REDES SAS;sisredjtsas@gmail.com
POWER LIGHT SAS;powerlightsas@gmail.com
FERRETERIA H   M SAS;ferreteriahmclientes@gmail.com
GESTORES INTEGRALES EN SEGURIDAD Y SALUD EN EL TRABAJO SAS;sandraya16@yahoo.es
ELEMENTS AGENCY SAS;kontenido.contabilidad@gmail.com
DALVIARQ SAS;dalviarq@gmail.com
DIGITAL SYNERGY SAS;yener@digitalsynergy.com.co
ALENA INGENIERÍA S.A.S;alena.ingenieria@hotmail.com
CONSTRUCCIONES N D SAS;construccionesn d1@gmail.com
LIFT TECHNOLOGY SAS;raulfernando79@hotmail.com
G.A.R. INSTALACION Y MANTENIMIENTO DE REDES CONTRA INCENDIOS SAS;gilbertorubio@hotmail.com
SERVICIOS EN TECNOLOGIA Y GENERADORES SAS;wigaro64@hotmail.com
CONSTRUCCIONES C. WILCHES SAS;construccionescwilches@gmail.com
BALTICO INGENIERIA S.A.S;balticoing@hotmail.com
ORANGE PLANNING SAS;orangeplanning4@gmail.com
DUCTIGAS SAS;ductigas@gmail.com
CENTRAL DE VIDRIOS Y ALUMINIOS GL SAS;centraldevidrioyaluminiogerman@gmail.com
M M SOLUCIONES TÉCNICAS SAS;danielcontab10@gmail.com
RC BOMBAS SAS;rc.redesyconexiones@gmail.com
TU AUDITORIA S A S;info@tuauditoria.com
ORGANIZACION JMH SAS;organizacionjmh@gmail.com
JCLG UNIVERSAL ENGINEERING SAS;jclg.universalengineering@gmail.com
INTELECTA ENERGY DE COLOMBIA S.A.S;luis_o_diaz@hotmail.com
FYS PUBLICIDAD SAS;fyspublicidad@hotmail.com
A   P ASESORIAS Y CONSULTORIAS SAS;aypserviciosyconsultoria0306@gmail.com
TRES LINEAS ESTUDIO CREATIVO S.A.S.;3lineas.estudio@gmail.com
DH INGENIEROS S.A.S;dahergom@hotmail.com
GRUAS Y TRANSPORTES RUS S.A.S;gruasytransrusas@gmail.com
BUSTAMANTE NIÑO REMODELACIONES Y ACABADOS S.A.S;bustamanteninoacabados.sas@gmail.com
FELEN DISTRIBUCIONES SAS;felendistribuciones@gmail.com
STAMPA COLOMBIA SAS;gerencia@stampacolombia.com
CONNETWORK ENERGY S.A.S;connetworkenergy22@gmail.com
GOBA TECHNOLOGY SAS;gobaservicessas@gmail.com
EFECTO DIRECTO SAS;dania2306@gmail.com
CONSTRUCCIONES ALUVIGAL SAS;aluvigal16@gmail.com
ACCUSIGHT S.A.S;paulaadelgadod@gmail.com
DECORA PVC   LAMINADOS SAS;decorapvclaminados@gmail.com
TENDENCIA PUBLICITARIA SAS;jomorera@gmail.com
CORREDOR   DIAZ ASOCIADOS S.A.S;tiepasas@gmail.com
GRUPO TIZMA SAS;grupotizma@gmail.com
ENERGYNE GENSET SAS;energynesas@gmail.com
EL PORTAL CERAMICO SAS;portalceramico@hotmail.com
ALEJANDRA SERJE SAS;alejandraserje@hotmail.com
TRANSPORTES  GRUAS Y MONTAJES SAS;gruarticulada@gmail.com
CALLE Y POCHE S.AS;hediaz05@yahoo.com
EXBRAND SAS;maria.jelkh@exbrand.com.co
DISTRIBUCIONES LAS TRES GGG SAS;guillermoguerrero9503@hotmail.es
G   M CONSULTORÍA ESTRATÉGICA S.A.S.;gmconsultoresestrategicos@gmail.com
MAHECHA ELECTRICOS SAS;mahechaelectricos1201@hotmail.com
ESTRATÉGICO SOLUCIONES DIGITALES SAS;dario.b@estrategiaycia.com
ALUMINIOS E IMPERMEABILIZACIONES BARRERA SAS;aluminiosbarrera@gmail.com
A R INGENIERIA Y ARQUITECTURA SAS;a.ringenieriayarquitectura@gmail.com
AMC CONSTRUCTORA S.A.S;amc.constructorasas@gmail.com
ELECTRICOS INDUSTRIALES V.M. SAS;moralesparravictor@gmail.com
BARGAIN CAVE S.A.S;bargaincavesas@outlook.com
ELAR GRUPO EMPRESARIAL S.A.S;gerencia@elar.com.co
5G TECH SAS;marthaliliana81@gmail.com
TEAMGRAFICO SAS;gerenciateamgrafico@gmail.com
TALLER JUAN URBANO SAS;contacto@tallerjuanurbano.org
PROMOCIONALES DLM SAS;libigon06@gmail.com
POWER ENERGY   SUPPLIES S.A.S;proyectospes01@gmail.com
ANDRADE Y GONZALEZ BUSINESS SOLUTIONS GROUP SAS;aygsolutionscolombia@gmail.com
J   D NETWORK SAS;gerencia@j-dnetwork.com
OVI ELECTRICIDAD Y COMUNICACIONES SAS;israel_orjuela@hotmail.com
ASESORIA  CONSULTORIA  SOLUCIONES Y SERVICIOS AGUDELO INGENIERIA SAS;acssa.ingenieria@gmail.com
RIG STAMPADOS   PUBLICIDAD SAS;rigstampados@gmail.com
ECOBOXHOUSE SAS;admiecoboxhouse@gmail.com
AGREGADOS Y DEMOLICIONES OP SAS;armandooyola314@hotmail.com
EMPRESAS CON SENTIDO SAS BIC;ricardo.leon31@gmail.com
ASLAN REDES Y SEGURIDAD SAS;aslancomunicaciones@gmail.com
DANIELASTYLING SAS;work@danielastyling.com
CONSTRUCCIONES Y REMODELACIONES DLD SAS;loverawilson@hotmail.com
HIDRAULICAS MOZO S.A.S.;h.mozo@hotmail.com
DCONCEPTUAL SAS;dconceptualsas@gmail.com
GYV INGENIERIA SAS;diedivaro@gmail.com
URGENT SAS;fabianlancheros@urgent.com.co
FINANZCONT S.A.S;soluciones@finanzcont.com
MARMOLES Y GRANITOS SYS SAS;marmolesygranitossys@gmail.com
TRUCK ADVISOR SAS;mulastruck@gmail.com
MONTAJES INDUSTRIALES   REDES ESTRUCTURADAS S.A.S;jsalazargalvan@gmail.com
A   D ACABADOS Y DECORACIONES SAS;arqandresmorenosan@gmail.com
TRANSPORTES SUMINISTROS Y MANTENIMIENTO S.A.S;raul_p66@hotmail.com
MINERALES CRATÓN S.A.S;mineralescraton@hotmail.com
TECNICOS ELECTRICISTAS AMPEELECTRICOS SAS;ampeelectricos39@gmail.com
ZEEDIN S.A.S;zeedinco@gmail.com
COMERCIALIZADORA JDMC S A S;comercializadorajdmc2018@gmail.com
INGENIERIA Y CONSTRUCCIONES OTAC S.A.S;otac64@hotmail.com
INGTECNOVA S.A.S;ingldhs@gmail.com
ELECTRICAL SYSTEM SERVICE SAS;electricistasjimenez@gmail.com
SEGURIDAD Y SALUD EN EL TRABAJO EN LA ROCA S.A.S;sstaenlaroca@gmail.com
FERRETERIA COMERCIALIZADORA G Y G SAS;factura.gyg@hotmail.com
CONSTRUCCIONES JULMARTINEZ VALERIO SAS;construccionesvalerio10@gmail.com
GACOM SAS;lugarrica-12@hotmail.com
SOLUCIONES INTEGRALES PUERTAS Y VENTANAS SAS;puertasyventanasjs@gmail.com
EMPRESA DE EMPRENDIMIENTO SOCIAL ETNICO SAS;gerencia@mitiendamgsas.com
L AZENZO DIGITAL SAS;lazenzodigital@gmail.com
CONTEING G E SAS;jandresgm@outlook.com
TORNILLOS DE LA 80 SAS;tornillosdela80sas@gmail.com
LOGISTICA TRANSPORTE Y CARGA S.A.S.;info@logisticatransporteycarga.com
RENACER PUBLICIDAD SAS;renacerpublicidadsas@gmail.com
CODITRANS CARGA SAS;viviana1309@gmail.com
VITALIS VENTURA SAS;vitalisventurasas@gmail.com
GAHYDA AVILA CONSULTORES S.A.S;fernanda.avila@gahyda.com
PANALPROM SAS;panalpromsas@gmail.com
MAKE IT HAPPEN JOURNAL SAS;laura@makeithappenjournal.com.co
DISTRIBUIDORA VARPUL S.A.S;andresvarone86@gmail.com
INGENIO PROMOCIONALES SAS;comercial@ingeniopromocionales.com
GUARDIAN MEDIOS TECNOLOGICOS SAS;guardianmediosseguridad@gmail.com
DISEÑO Y DEMARCACIÓN PARA INFRAESTRUCTURA AEROPORTUARIA Y VIAL WM SAS;wilyes24@gmail.com
AC ACOSTA PINTURA S.A.S;yonis332015@hotmail.com
SHARONPLAST SAS;jhonjair2015jr@gmail.com
ESTRUMETAL GM S.A.S;galeanos7@hotmail.com
AUTO GRUAS A M SAS;a.mautogruas@gmail.com
TRANSPORTADORA LIEMENTRANS SAS;liementrans.gerencia@gmail.com
GRUPO JAYU SAS;grupojayu@gmail.com.co
JSL INGENIERÍA SAS;jeison.salcedo.lagos@gmail.com
TAKIF AGENCY SAS;gerencia@takifdigitalagency.com
TECNOLOGIA2M S.A.S;mauriciobs@hotmail.com
AB-SF ASESORIAS FINANCIERAS SAS;alfonsobonillam@gmail.com
ARTEACRIL SAS;arteacrilsas@gmail.com
INTEGRATEC CONSULTORES COLOMBIA S.A.S;juan.goncalves@integratecve.com
ARTFER COMERCIALIZADORA 2.0 S.A.S;artfer.comercializadora@gmail.com
COMERCIALIZADORA MORENTO S A S;comercializadoramoreno@gmail.com
CALDERAS Y SERVICIOS THERMICOS SAS;facturacioncalsertherm@gmail.com
CROMA DESIGN SAS;oscabar@gmail.com
BIG CONSULTING SAS;domiliris@yahoo.com
ELECTRY CITY YOVANY SAS;yuave83@hotmail.com
DISEÑOS E INSTALACIONES ELECTRICAS SAS;dielectricossas@gmail.com
O R INGENIERIA Y PROYECTOS S.A.S.;oyringenieriayproyectos@gmail.com
BIOFINANZAS S.A.S;paola@biofinanzas.com
FERRESAND S.A.S;ferresand.sas@gmail.com
JR GLOBAL COMPANY SAS;contactenos@nickhavana.com
2MC RUMBOS TRANSPORTE SAS;2mcrumbostransporte@gmail.com
CRISTALES Y ESTRUCTURAS SAS;cristalesyestructurasorc@hotmail.com
CONEXIONES Y SOLUCIONES ELECTRICAS SAS;admon.conexel@gmail.com
ANCESTRO ESPACIOS Y OBJETOS CON HISTORIA SAS;juliandaza@kiokapro.com
SAHI SAS;gerenciab2b@outlook.com
GLOBAL INDUSTRIAL SAS;gerencia@globalindustrialsas.com
GORDOM ARQUITECTURA CIVIL SAS;manuelagor@gmail.com
GRIFOS L L SAS;luzdaly3@hotmail.com
MAXI.LUZ SAS;bealoq@gmail.com
RA MANTENIMIENTO INDUSTRIAL SAS;ramantenimientoindustrial@gmail.com
INAFIC SAS;equipoinafic@gmail.com
INVERSIONES RB 2022 S.A.S;rsolucionesdigitales@gmail.com
ACCIONA CONSTRUCCIONES SAS;construccionesacciona@gmail.com
INGENIERIA   MONTAJES ARDILA S.A.S.;mauricioardilacontreras1209@gmail.com
JS INFRAESTRUCTURA   CONSTRUCCIONES SAS;jsinfraestructuras@gmail.com
COMERCILIZADORA NATIVOS SAS;comercilizadoranativos@gmail.com
SOLUCIONES CONSTRUCTIVAS RB SAS;solucionescrb@gmail.com
HERRAJES ARQUITECTÓNICOS BS S.A.S;herrajesarquitectonicosbs01@gmail.com
MANIOBRA SAS;jaigaro.14@gmail.com
BOCETO MEDIA SERVICES SAS;bocetomedia.info@gmail.com
PINTURAS INDUSTRIALES VARGAS S.A.S;pinturasindustrialesvargas@gmail.com
FINISHES WYS S.A.S;finisheswyssas@gmail.com
TERRITORIO DATA SAS;marco.perez@territorio.data.co
